Reference,Value,Datasheet,Footprint,Qty,DNP,Description,LCSC Part Number,Manufacturer part number,Manufacturer
BT2,3.7V,,PicofoxLib:JST PH 2 Horizontal,1,,Single-cell battery,C295747,S2B-PH-SM4-TB(LF)(SN),JST
"C1,C22,C24",10nF,,Capacitor_SMD:C_0402_1005Metric,3,,"Unpolarized capacitor, small symbol",C3834692,GRM1555CYA103GE01D,muRata
"C2,C3",15pF,,Capacitor_SMD:C_0402_1005Metric,2,,,C1548,0402CG150J500NT,FH
"C4,C23,C68",100pF,,Capacitor_SMD:C_0402_1005Metric,3,,"Unpolarized capacitor, small symbol",C1546,0402CG101J500NT,FH
"C5,C6,C7,C9,C11,C12,C13,C14,C15,C16,C17,C31,C33,C67",100nF,,Capacitor_SMD:C_0402_1005Metric,14,,"Unpolarized capacitor, small symbol",C307331,CL05B104KB54PNC,Samsung
"C8,C10",1uF,,Capacitor_SMD:C_0402_1005Metric,2,,,C52923,CL05A105KA5NQNC,Samsung
"C18,C21,C25,C28",24pF,,Capacitor_SMD:C_0402_1005Metric,4,,"Unpolarized capacitor, small symbol",C1864480,GCM1555C1H240FA16D,muRata
"C19,C20,C26,C27",43pF,,Capacitor_SMD:C_0402_1005Metric,4,,"Unpolarized capacitor, small symbol",C415393,GJM1555C1H430FB01D,muRata
"C29,C30,C32,C40,C58",10uF,,Capacitor_SMD:C_0603_1608Metric,5,,,C96446,CL10A106MA8NRNC,Samsung
D1,H5VU06B,,PicofoxLib:DFN0603-2L,1,,"Bidirectional transient-voltage-suppression diode, small symbol",C20615780,H5VU06B,R+O
"D2,D4,D5",LED,,PicofoxLib:LED 1206 Side View,3,,Light emitting diode,C375479,E6C1204URAC1UDA,EKINGLUX
D3,1N4148WS,https://www.vishay.com/docs/85751/1n4148ws.pdf,Diode_SMD:D_SOD-323,1,,"75V 0.15A Fast switching Diode, SOD-323",C2128,1N4148WS,JSCJ
"FB1,FB2,FB3",600,,Inductor_SMD:L_0402_1005Metric,3,,"Ferrite bead, small symbol",C76886,BLM15AX601SN1D,muRata
J4,Conn_Coaxial_Small,,Connector_Coaxial:SMA_Samtec_SMA-J-P-H-ST-EM1_EdgeMount,1,,"coaxial connector (BNC, SMA, SMB, SMC, Cinch/RCA, LEMO, ...)",C5301850,HYCW12-SMAW0863-1365B,HOAUC
J5,USB-TYPE-C-018 (DEALON),https://www.usb.org/sites/default/files/documents/usb_type-c.zip,PicofoxLib:USB_C_Receptacle_HCTL_HC-TYPE-C-16P-01A,1,,USB 2.0-only 16P Type-C Receptacle connector,C2927038,C2927038,DEALON
"L1,L3,L4,L6",68nH,,Inductor_SMD:L_0402_1005Metric,4,,"Inductor, small symbol",C7427064,AHW1005C-68NJTF,APV
"L2,L5",75nH,,Inductor_SMD:L_0402_1005Metric,2,,Murata LQW15AW75NG80D,C1012782,LQW15AW75NG80D,Murata
L7,270nH,,Inductor_SMD:L_0402_1005Metric,1,,Inductor,C22400372,YWIF1005-R27K,YJYCOIN
Q1,AO3407A,http://www.aosmd.com/pdfs/datasheet/AO3401A.pdf,Package_TO_SOT_SMD:SOT-23,1,,"-4.0A Id, -30V Vds, P-Channel MOSFET, SOT-23",C7436553,AO3407A,FUXINSEMI
R1,100KR,,Resistor_SMD:R_0402_1005Metric,1,,Resistor,C25741,0402WGF1003TCE,UNI-ROYAL
"R2,R8,R37,R38",10KR,,Resistor_SMD:R_0402_1005Metric,4,,Resistor,C25744,0402WGF1002TCE,UNI-ROYAL
"R3,R4",33R,,Resistor_SMD:R_0402_1005Metric,2,,,C25105,0402WGF330JTCE,UNI-ROYAL
"R5,R6,R7,R36",1KR,,Resistor_SMD:R_0402_1005Metric,4,,,C11702,0402WGF1001TCE,UNI-ROYAL
"R9,R10",2.2KR,,Resistor_SMD:R_0402_1005Metric,2,,Resistor,C25879,0402WGF2201TCE,UNI-ROYAL
"R12,R40",120R,,Resistor_SMD:R_0402_1005Metric,2,,Resistor,C25079,0402WGF1200TCE,UNI-ROYAL
"R13,R14,R39",294R,,Resistor_SMD:R_0402_1005Metric,3,,Resistor,C852689,RT0402BRD07294RL,YAGEO
R15,17.4R,,Resistor_SMD:R_0402_1005Metric,1,,Resistor - Thin Film,C284383,ARG02FTC17R4,Viking
"R27,R28",5.11KR,,Resistor_SMD:R_0402_1005Metric,2,,,C5126228,FRC0402F5111TS,FOJAN
"SW1,SW2",,,Button_Switch_SMD:SW_Push_SPST_NO_Alps_SKRK,2,,"Push button switch, generic, two pins",C720477,TS-1088-AR02016,XUNPU
SW3,SK-12D15-G030,,PicofoxLib:SW_Slide_SPDT_Angled_CK_OS102011MA1Q,1,,"Switch, single pole double throw",C7544904,SK-12D15-G030,G-Switch
U1,BVA1761,,Package_DFN_QFN:QFN-24-1EP_4x4mm_P0.5mm_EP2.5x2.5mm,1,,Berex BVA1761,C38240054,BVA1761,BeRex Corp
U2,W25Q128JVS,http://www.winbond.com/resource-files/w25q128jv_dtr%20revc%2003272018%20plus.pdf,Package_SO:SOIC-8_5.23x5.23mm_P1.27mm,1,,,C97521,W25Q128JVSIQ,Winbond
U3,RP2040,,RP2040_minimal:RP2040-QFN-56,1,,,C2040,RP2040,Raspberry Pi
U4,Si5351A-B-GT,https://www.silabs.com/documents/public/data-sheets/Si5351-B.pdf,Package_SO:MSOP-10_3x3mm_P0.5mm,1,,"I2C Programmable Any-Frequency CMOS Clock Generator, MSOP-8",C504891,SI5351A-B-GTR,SILICON LABS
U15,USBLC6-2SC6,https://www.st.com/resource/en/datasheet/usblc6-2.pdf,Package_TO_SOT_SMD:SOT-23-6,1,,"Very low capacitance ESD protection diode, 2 data-line, SOT-23-6",C5180249,USBLC6-2SC6-ES,ElecSuper
U16,BQ21040DBVR,http://www.ti.com/lit/gpn/bq21040,PicofoxLib:SOT95P280X145-6N,1,,0.8A Single Input Single-Cell Li-Ion and Li-Pol Battery Charger,C202311,BQ21040DBVR,TI
U19,ME6217C33M5G,https://jlcpcb.com/api/file/downloadByFileSystemAccessId/8588884515300892672,Package_TO_SOT_SMD:SOT-23-5,1,,"-40℃~+85℃ 1 100uA 180mV@(300mA) 3.3V 6.5V 65dB@(1kHz) 800mA Fixed Over Temperature Protection Positive SOT-23-5 Voltage Regulators - Linear, Low Drop Out (LDO) Regulators ROHS",C427602,ME6217C33M5G,MICRONE
Y1,ABM8-272-T3,,Crystal:Crystal_SMD_3225-4Pin_3.2x2.5mm,1,,,C20625731,ABM8-272-T3,ABRACON
Y2,TG2016SMN_25.0000M-MCGNNM0,https://www.mouser.in/datasheet/2/137/TG2016SMN_en-2584166.pdf,AI6YM:TG2016SMN250000MMCGNNM0,1,,TCXO Oscillators TG2016SMN 25.0000M-MCGNNM0: TCXO 2.8V 3.3V 0.5PPM -40 85C NON O/E 1K TR,C20340789,TG2016SMN 25.0000M-MCGNNM0,EPSON
